,url
0,https://shop.10000recipe.com/goods/goods_view.php?goodsNo=1000007266&utm_source=10k_recipe&utm_medium=recipe_search_list&utm_campaign=g%EB%B0%80%EC%8A%A4%EC%9B%90%EB%A7%B5%EC%BD%A9%EB%8B%AC%EC%BD%A9%EC%BD%A9%EA%B3%A0%EA%B8%B0%EC%8A%A4%ED%85%8C%EC%9D%B4%ED%81%AC2%EC%A2%8510%ED%8C%A9
1,https://www.10000recipe.com/recipe/6918300
2,https://www.10000recipe.com/recipe/6877875
3,https://www.10000recipe.com/recipe/6959723
4,https://www.10000recipe.com/recipe/6891713
5,https://www.10000recipe.com/recipe/6867496
6,https://www.10000recipe.com/recipe/6876072
7,https://www.10000recipe.com/recipe/6864194
8,https://www.10000recipe.com/recipe/6594403
9,https://www.10000recipe.com/recipe/6957529
10,https://www.10000recipe.com/recipe/6888169
11,https://www.10000recipe.com/recipe/6957557
12,https://www.10000recipe.com/recipe/6907522
13,https://www.10000recipe.com/recipe/6876770
14,https://www.10000recipe.com/recipe/6865651
15,https://www.10000recipe.com/recipe/6867399
16,https://www.10000recipe.com/recipe/6927156
17,https://www.10000recipe.com/recipe/6873771
18,https://www.10000recipe.com/recipe/6866189
19,https://www.10000recipe.com/recipe/6885929
20,https://www.10000recipe.com/recipe/6894932
21,https://www.10000recipe.com/recipe/6876707
22,https://www.10000recipe.com/recipe/5532417
23,https://www.10000recipe.com/recipe/6959374
24,https://www.10000recipe.com/recipe/6958641
25,https://www.10000recipe.com/recipe/6955762
26,https://www.10000recipe.com/recipe/6945925
27,https://www.10000recipe.com/recipe/6942103
28,https://www.10000recipe.com/recipe/6941556
29,https://www.10000recipe.com/recipe/6941187
30,https://www.10000recipe.com/recipe/6940458
31,https://www.10000recipe.com/recipe/6940452
32,https://www.10000recipe.com/recipe/6937110
33,https://www.10000recipe.com/recipe/6934332
34,https://www.10000recipe.com/recipe/6933929
35,https://www.10000recipe.com/recipe/6931502
36,https://www.10000recipe.com/recipe/6924623
37,https://www.10000recipe.com/recipe/6917944
38,https://www.10000recipe.com/recipe/6917901
39,https://www.10000recipe.com/recipe/6916537
40,https://www.10000recipe.com/recipe/6916395
41,https://shop.10000recipe.com/goods/goods_view.php?goodsNo=1000007266&utm_source=10k_recipe&utm_medium=recipe_search_list&utm_campaign=g%EB%B0%80%EC%8A%A4%EC%9B%90%EB%A7%B5%EC%BD%A9%EB%8B%AC%EC%BD%A9%EC%BD%A9%EA%B3%A0%EA%B8%B0%EC%8A%A4%ED%85%8C%EC%9D%B4%ED%81%AC2%EC%A2%8510%ED%8C%A9
42,https://www.10000recipe.com/recipe/6915773
43,https://www.10000recipe.com/recipe/6909847
44,https://www.10000recipe.com/recipe/6907952
45,https://www.10000recipe.com/recipe/6907649
46,https://www.10000recipe.com/recipe/6907317
47,https://www.10000recipe.com/recipe/6898217
48,https://www.10000recipe.com/recipe/6896079
49,https://www.10000recipe.com/recipe/6894588
50,https://www.10000recipe.com/recipe/6894185
51,https://www.10000recipe.com/recipe/6887735
52,https://www.10000recipe.com/recipe/6887183
53,https://www.10000recipe.com/recipe/6886682
54,https://www.10000recipe.com/recipe/6886242
55,https://www.10000recipe.com/recipe/6885932
56,https://www.10000recipe.com/recipe/6885931
57,https://www.10000recipe.com/recipe/6883189
58,https://www.10000recipe.com/recipe/6881383
59,https://www.10000recipe.com/recipe/6881379
60,https://www.10000recipe.com/recipe/6881377
61,https://www.10000recipe.com/recipe/6881374
62,https://www.10000recipe.com/recipe/6881320
63,https://www.10000recipe.com/recipe/6880350
64,https://www.10000recipe.com/recipe/6880333
65,https://www.10000recipe.com/recipe/6879057
66,https://www.10000recipe.com/recipe/6879037
67,https://www.10000recipe.com/recipe/6878356
68,https://www.10000recipe.com/recipe/6878165
69,https://www.10000recipe.com/recipe/6877609
70,https://www.10000recipe.com/recipe/6877290
71,https://www.10000recipe.com/recipe/6876789
72,https://www.10000recipe.com/recipe/6876773
73,https://www.10000recipe.com/recipe/6876772
74,https://www.10000recipe.com/recipe/6876602
75,https://www.10000recipe.com/recipe/6876524
76,https://www.10000recipe.com/recipe/6876310
77,https://www.10000recipe.com/recipe/6876305
78,https://www.10000recipe.com/recipe/6875844
79,https://www.10000recipe.com/recipe/6875824
80,https://www.10000recipe.com/recipe/6875635
81,https://www.10000recipe.com/recipe/6874855
82,https://shop.10000recipe.com/goods/goods_view.php?goodsNo=1000007266&utm_source=10k_recipe&utm_medium=recipe_search_list&utm_campaign=g%EB%B0%80%EC%8A%A4%EC%9B%90%EB%A7%B5%EC%BD%A9%EB%8B%AC%EC%BD%A9%EC%BD%A9%EA%B3%A0%EA%B8%B0%EC%8A%A4%ED%85%8C%EC%9D%B4%ED%81%AC2%EC%A2%8510%ED%8C%A9
83,https://www.10000recipe.com/recipe/6874207
84,https://www.10000recipe.com/recipe/6874075
85,https://www.10000recipe.com/recipe/6873865
86,https://www.10000recipe.com/recipe/6872982
87,https://www.10000recipe.com/recipe/6872672
88,https://www.10000recipe.com/recipe/6872514
89,https://www.10000recipe.com/recipe/6872509
90,https://www.10000recipe.com/recipe/6872486
91,https://www.10000recipe.com/recipe/6868299
92,https://www.10000recipe.com/recipe/6868251
93,https://www.10000recipe.com/recipe/6868250
94,https://www.10000recipe.com/recipe/6868249
95,https://www.10000recipe.com/recipe/6867819
96,https://www.10000recipe.com/recipe/6866546
97,https://www.10000recipe.com/recipe/6866544
98,https://www.10000recipe.com/recipe/6866536
99,https://www.10000recipe.com/recipe/6866535
100,https://www.10000recipe.com/recipe/6866533
101,https://www.10000recipe.com/recipe/6866185
102,https://www.10000recipe.com/recipe/6866090
103,https://www.10000recipe.com/recipe/6865880
104,https://www.10000recipe.com/recipe/6865878
105,https://www.10000recipe.com/recipe/6865768
106,https://www.10000recipe.com/recipe/6865763
107,https://www.10000recipe.com/recipe/6865760
108,https://www.10000recipe.com/recipe/6865752
109,https://www.10000recipe.com/recipe/6865744
110,https://www.10000recipe.com/recipe/6865690
111,https://www.10000recipe.com/recipe/6865686
112,https://www.10000recipe.com/recipe/6865656
113,https://www.10000recipe.com/recipe/6865654
114,https://www.10000recipe.com/recipe/6865648
115,https://www.10000recipe.com/recipe/6859995
116,https://www.10000recipe.com/recipe/6851084
117,https://www.10000recipe.com/recipe/6838142
118,https://www.10000recipe.com/recipe/6833295
119,https://www.10000recipe.com/recipe/6830543
120,https://www.10000recipe.com/recipe/6830542
121,https://www.10000recipe.com/recipe/6830541
122,https://www.10000recipe.com/recipe/6830539
123,https://shop.10000recipe.com/goods/goods_view.php?goodsNo=1000007266&utm_source=10k_recipe&utm_medium=recipe_search_list&utm_campaign=g%EB%B0%80%EC%8A%A4%EC%9B%90%EB%A7%B5%EC%BD%A9%EB%8B%AC%EC%BD%A9%EC%BD%A9%EA%B3%A0%EA%B8%B0%EC%8A%A4%ED%85%8C%EC%9D%B4%ED%81%AC2%EC%A2%8510%ED%8C%A9
124,https://www.10000recipe.com/recipe/6830538
125,https://www.10000recipe.com/recipe/6830537
126,https://www.10000recipe.com/recipe/6830536
127,https://www.10000recipe.com/recipe/6830535
128,https://www.10000recipe.com/recipe/6830533
129,https://www.10000recipe.com/recipe/6830531
130,https://www.10000recipe.com/recipe/6544516
131,https://www.10000recipe.com/recipe/6541231
132,https://www.10000recipe.com/recipe/5783153
133,https://www.10000recipe.com/recipe/5771964
134,https://www.10000recipe.com/recipe/5771941
135,https://www.10000recipe.com/recipe/5770303
136,https://www.10000recipe.com/recipe/5767976
137,https://www.10000recipe.com/recipe/5767868
138,https://www.10000recipe.com/recipe/5767692
139,https://www.10000recipe.com/recipe/5767610
140,https://www.10000recipe.com/recipe/5760789
141,https://www.10000recipe.com/recipe/5756199
142,https://www.10000recipe.com/recipe/5756194
143,https://www.10000recipe.com/recipe/5756103
144,https://www.10000recipe.com/recipe/5756100
145,https://www.10000recipe.com/recipe/5750775
146,https://www.10000recipe.com/recipe/5750737
147,https://www.10000recipe.com/recipe/5692743
148,https://www.10000recipe.com/recipe/5663069
149,https://www.10000recipe.com/recipe/5663034
150,https://www.10000recipe.com/recipe/5649770
151,https://www.10000recipe.com/recipe/5647308
152,https://www.10000recipe.com/recipe/5644125
153,https://www.10000recipe.com/recipe/5644093
154,https://www.10000recipe.com/recipe/5445969
155,https://www.10000recipe.com/recipe/5095088
156,https://www.10000recipe.com/recipe/4320378
157,https://www.10000recipe.com/recipe/1929739
158,https://www.10000recipe.com/recipe/1845427
159,https://www.10000recipe.com/recipe/1754791
160,https://www.10000recipe.com/recipe/932104
161,https://www.10000recipe.com/recipe/724890
162,https://www.10000recipe.com/recipe/551172
