,url
0,https://shop.10000recipe.com/goods/goods_view.php?goodsNo=1000007266&utm_source=10k_recipe&utm_medium=recipe_search_list&utm_campaign=g%EB%B0%80%EC%8A%A4%EC%9B%90%EB%A7%B5%EC%BD%A9%EB%8B%AC%EC%BD%A9%EC%BD%A9%EA%B3%A0%EA%B8%B0%EC%8A%A4%ED%85%8C%EC%9D%B4%ED%81%AC2%EC%A2%8510%ED%8C%A9
1,https://www.10000recipe.com/recipe/6930572
2,https://www.10000recipe.com/recipe/6932067
3,https://www.10000recipe.com/recipe/6929074
4,https://www.10000recipe.com/recipe/6943455
5,https://www.10000recipe.com/recipe/6928801
6,https://www.10000recipe.com/recipe/6938309
7,https://www.10000recipe.com/recipe/6919198
8,https://www.10000recipe.com/recipe/6915631
9,https://www.10000recipe.com/recipe/6959067
10,https://www.10000recipe.com/recipe/6957529
11,https://www.10000recipe.com/recipe/6874477
12,https://www.10000recipe.com/recipe/6920142
13,https://www.10000recipe.com/recipe/6930220
14,https://www.10000recipe.com/recipe/6888169
15,https://www.10000recipe.com/recipe/6919961
16,https://www.10000recipe.com/recipe/6904159
17,https://www.10000recipe.com/recipe/6957557
18,https://www.10000recipe.com/recipe/6961251
19,https://www.10000recipe.com/recipe/6866221
20,https://www.10000recipe.com/recipe/6872485
21,https://www.10000recipe.com/recipe/6941274
22,https://www.10000recipe.com/recipe/6876770
23,https://www.10000recipe.com/recipe/6857505
24,https://www.10000recipe.com/recipe/6865651
25,https://www.10000recipe.com/recipe/6927156
26,https://www.10000recipe.com/recipe/6872723
27,https://www.10000recipe.com/recipe/6917100
28,https://www.10000recipe.com/recipe/6866189
29,https://www.10000recipe.com/recipe/6962834
30,https://www.10000recipe.com/recipe/6961343
31,https://www.10000recipe.com/recipe/6961218
32,https://www.10000recipe.com/recipe/6958641
33,https://www.10000recipe.com/recipe/6957867
34,https://www.10000recipe.com/recipe/6957093
35,https://www.10000recipe.com/recipe/6956886
36,https://www.10000recipe.com/recipe/6956733
37,https://www.10000recipe.com/recipe/6956416
38,https://www.10000recipe.com/recipe/6956246
39,https://www.10000recipe.com/recipe/6955958
40,https://www.10000recipe.com/recipe/6955957
41,https://shop.10000recipe.com/goods/goods_view.php?goodsNo=1000007266&utm_source=10k_recipe&utm_medium=recipe_search_list&utm_campaign=g%EB%B0%80%EC%8A%A4%EC%9B%90%EB%A7%B5%EC%BD%A9%EB%8B%AC%EC%BD%A9%EC%BD%A9%EA%B3%A0%EA%B8%B0%EC%8A%A4%ED%85%8C%EC%9D%B4%ED%81%AC2%EC%A2%8510%ED%8C%A9
42,https://www.10000recipe.com/recipe/6955614
43,https://www.10000recipe.com/recipe/6953229
44,https://www.10000recipe.com/recipe/6953106
45,https://www.10000recipe.com/recipe/6953101
46,https://www.10000recipe.com/recipe/6951814
47,https://www.10000recipe.com/recipe/6951511
48,https://www.10000recipe.com/recipe/6951497
49,https://www.10000recipe.com/recipe/6949524
50,https://www.10000recipe.com/recipe/6949344
51,https://www.10000recipe.com/recipe/6949314
52,https://www.10000recipe.com/recipe/6949308
53,https://www.10000recipe.com/recipe/6949272
54,https://www.10000recipe.com/recipe/6948437
55,https://www.10000recipe.com/recipe/6946765
56,https://www.10000recipe.com/recipe/6946268
57,https://www.10000recipe.com/recipe/6945925
58,https://www.10000recipe.com/recipe/6945504
59,https://www.10000recipe.com/recipe/6945502
60,https://www.10000recipe.com/recipe/6943456
61,https://www.10000recipe.com/recipe/6943454
62,https://www.10000recipe.com/recipe/6943433
63,https://www.10000recipe.com/recipe/6942257
64,https://www.10000recipe.com/recipe/6942103
65,https://www.10000recipe.com/recipe/6942080
66,https://www.10000recipe.com/recipe/6942005
67,https://www.10000recipe.com/recipe/6941343
68,https://www.10000recipe.com/recipe/6941269
69,https://www.10000recipe.com/recipe/6941070
70,https://www.10000recipe.com/recipe/6941053
71,https://www.10000recipe.com/recipe/6938755
72,https://www.10000recipe.com/recipe/6938701
73,https://www.10000recipe.com/recipe/6937307
74,https://www.10000recipe.com/recipe/6932698
75,https://www.10000recipe.com/recipe/6931818
76,https://www.10000recipe.com/recipe/6927564
77,https://www.10000recipe.com/recipe/6926361
78,https://www.10000recipe.com/recipe/6921949
79,https://www.10000recipe.com/recipe/6920031
80,https://www.10000recipe.com/recipe/6917098
81,https://www.10000recipe.com/recipe/6915766
82,https://shop.10000recipe.com/goods/goods_view.php?goodsNo=1000007266&utm_source=10k_recipe&utm_medium=recipe_search_list&utm_campaign=g%EB%B0%80%EC%8A%A4%EC%9B%90%EB%A7%B5%EC%BD%A9%EB%8B%AC%EC%BD%A9%EC%BD%A9%EA%B3%A0%EA%B8%B0%EC%8A%A4%ED%85%8C%EC%9D%B4%ED%81%AC2%EC%A2%8510%ED%8C%A9
83,https://www.10000recipe.com/recipe/6909847
84,https://www.10000recipe.com/recipe/6909611
85,https://www.10000recipe.com/recipe/6907317
86,https://www.10000recipe.com/recipe/6906538
87,https://www.10000recipe.com/recipe/6905447
88,https://www.10000recipe.com/recipe/6901356
89,https://www.10000recipe.com/recipe/6893250
90,https://www.10000recipe.com/recipe/6887735
91,https://www.10000recipe.com/recipe/6886682
92,https://www.10000recipe.com/recipe/6886242
93,https://www.10000recipe.com/recipe/6883189
94,https://www.10000recipe.com/recipe/6881383
95,https://www.10000recipe.com/recipe/6881379
96,https://www.10000recipe.com/recipe/6881377
97,https://www.10000recipe.com/recipe/6881374
98,https://www.10000recipe.com/recipe/6881107
99,https://www.10000recipe.com/recipe/6880349
100,https://www.10000recipe.com/recipe/6880345
101,https://www.10000recipe.com/recipe/6878110
102,https://www.10000recipe.com/recipe/6878091
103,https://www.10000recipe.com/recipe/6876773
104,https://www.10000recipe.com/recipe/6876772
105,https://www.10000recipe.com/recipe/6875052
106,https://www.10000recipe.com/recipe/6874855
107,https://www.10000recipe.com/recipe/6874423
108,https://www.10000recipe.com/recipe/6872982
109,https://www.10000recipe.com/recipe/6872838
110,https://www.10000recipe.com/recipe/6872583
111,https://www.10000recipe.com/recipe/6872522
112,https://www.10000recipe.com/recipe/6872515
113,https://www.10000recipe.com/recipe/6872512
114,https://www.10000recipe.com/recipe/6872510
115,https://www.10000recipe.com/recipe/6872487
116,https://www.10000recipe.com/recipe/6872471
117,https://www.10000recipe.com/recipe/6872467
118,https://www.10000recipe.com/recipe/6872466
119,https://www.10000recipe.com/recipe/6872409
120,https://www.10000recipe.com/recipe/6868251
121,https://www.10000recipe.com/recipe/6868250
122,https://www.10000recipe.com/recipe/6868249
123,https://shop.10000recipe.com/goods/goods_view.php?goodsNo=1000007266&utm_source=10k_recipe&utm_medium=recipe_search_list&utm_campaign=g%EB%B0%80%EC%8A%A4%EC%9B%90%EB%A7%B5%EC%BD%A9%EB%8B%AC%EC%BD%A9%EC%BD%A9%EA%B3%A0%EA%B8%B0%EC%8A%A4%ED%85%8C%EC%9D%B4%ED%81%AC2%EC%A2%8510%ED%8C%A9
124,https://www.10000recipe.com/recipe/6867819
125,https://www.10000recipe.com/recipe/6866546
126,https://www.10000recipe.com/recipe/6866544
127,https://www.10000recipe.com/recipe/6866536
128,https://www.10000recipe.com/recipe/6866535
129,https://www.10000recipe.com/recipe/6866533
130,https://www.10000recipe.com/recipe/6866185
131,https://www.10000recipe.com/recipe/6866090
132,https://www.10000recipe.com/recipe/6865880
133,https://www.10000recipe.com/recipe/6865878
134,https://www.10000recipe.com/recipe/6865768
135,https://www.10000recipe.com/recipe/6865763
136,https://www.10000recipe.com/recipe/6865760
137,https://www.10000recipe.com/recipe/6865752
138,https://www.10000recipe.com/recipe/6865744
139,https://www.10000recipe.com/recipe/6865690
140,https://www.10000recipe.com/recipe/6865686
141,https://www.10000recipe.com/recipe/6865656
142,https://www.10000recipe.com/recipe/6865654
143,https://www.10000recipe.com/recipe/6865648
144,https://www.10000recipe.com/recipe/6862942
145,https://www.10000recipe.com/recipe/6847028
146,https://www.10000recipe.com/recipe/6845801
147,https://www.10000recipe.com/recipe/6838449
148,https://www.10000recipe.com/recipe/6838142
149,https://www.10000recipe.com/recipe/6836783
150,https://www.10000recipe.com/recipe/6833298
151,https://www.10000recipe.com/recipe/6830543
152,https://www.10000recipe.com/recipe/6830542
153,https://www.10000recipe.com/recipe/6830541
154,https://www.10000recipe.com/recipe/6830539
155,https://www.10000recipe.com/recipe/6830538
156,https://www.10000recipe.com/recipe/6830537
157,https://www.10000recipe.com/recipe/6830536
158,https://www.10000recipe.com/recipe/6830535
159,https://www.10000recipe.com/recipe/6830534
160,https://www.10000recipe.com/recipe/6830533
161,https://www.10000recipe.com/recipe/6830531
162,https://www.10000recipe.com/recipe/5771964
163,https://www.10000recipe.com/recipe/5771941
164,https://shop.10000recipe.com/goods/goods_view.php?goodsNo=1000007266&utm_source=10k_recipe&utm_medium=recipe_search_list&utm_campaign=g%EB%B0%80%EC%8A%A4%EC%9B%90%EB%A7%B5%EC%BD%A9%EB%8B%AC%EC%BD%A9%EC%BD%A9%EA%B3%A0%EA%B8%B0%EC%8A%A4%ED%85%8C%EC%9D%B4%ED%81%AC2%EC%A2%8510%ED%8C%A9
165,https://www.10000recipe.com/recipe/5770303
166,https://www.10000recipe.com/recipe/5767976
167,https://www.10000recipe.com/recipe/5767868
168,https://www.10000recipe.com/recipe/5767692
169,https://www.10000recipe.com/recipe/5767610
170,https://www.10000recipe.com/recipe/5760789
171,https://www.10000recipe.com/recipe/5756199
172,https://www.10000recipe.com/recipe/5756194
173,https://www.10000recipe.com/recipe/5756103
174,https://www.10000recipe.com/recipe/5756100
175,https://www.10000recipe.com/recipe/5750775
176,https://www.10000recipe.com/recipe/5750737
177,https://www.10000recipe.com/recipe/5663069
178,https://www.10000recipe.com/recipe/5663034
179,https://www.10000recipe.com/recipe/5649770
180,https://www.10000recipe.com/recipe/5647308
181,https://www.10000recipe.com/recipe/5644125
182,https://www.10000recipe.com/recipe/5644093
183,https://www.10000recipe.com/recipe/4569261
